{
    "name": "root",
    "gauges": {
        "IADeplacementWF_2_4_2.mean_reward": {
            "value": 294.0,
            "min": -1997.0,
            "max": 1995.0,
            "count": 321
        },
        "03092020_16_27_IADeplacementWF_2_4_2.Policy/Entropy.mean": {
            "value": 0.12020192295312881,
            "min": 0.02241072617471218,
            "max": 1.386290431022644,
            "count": 321
        },
        "03092020_16_27_IADeplacementWF_2_4_2.Policy/Extrinsic Value Estimate.mean": {
            "value": 2.212475299835205,
            "min": -3.4736671447753906,
            "max": 5.6261372566223145,
            "count": 321
        },
        "03092020_16_27_IADeplacementWF_2_4_2.Environment/Cumulative Reward.mean": {
            "value": 294.0,
            "min": -1997.0,
            "max": 1995.0,
            "count": 321
        },
        "03092020_16_27_IADeplacementWF_2_4_2.Environment/Episode Length.mean": {
            "value": 992.0,
            "min": 992.0,
            "max": 992.0,
            "count": 321
        },
        "03092020_16_27_IADeplacementWF_2_4_2.Policy/Extrinsic Reward.mean": {
            "value": 93.0,
            "min": -1997.0,
            "max": 1995.0,
            "count": 320
        },
        "03092020_16_27_IADeplacementWF_2_4_2.Losses/Value Loss.mean": {
            "value": 37.1109733581543,
            "min": 0.5867189764976501,
            "max": 244.93873596191406,
            "count": 151
        },
        "03092020_16_27_IADeplacementWF_2_4_2.Losses/Policy Loss.mean": {
            "value": 0.014699476771056652,
            "min": 0.008100367151200771,
            "max": 0.047367751598358154,
            "count": 151
        },
        "03092020_16_27_IADeplacementWF_2_4_2.Policy/Learning Rate.mean": {
            "value": 0.0006791040068492293,
            "min": 0.0006791040068492293,
            "max": 0.0009978720918297768,
            "count": 151
        }
    },
    "total": 3544.0886433,
    "count": 1,
    "self": 0.2526573999998618,
    "children": {
        "run_training.setup": {
            "total": 1.6252626000000001,
            "count": 1,
            "self": 1.6252626000000001
        },
        "TrainerController.start_learning": {
            "total": 3542.2107233,
            "count": 1,
            "self": 121.65972749994717,
            "children": {
                "TrainerController._reset_env": {
                    "total": 12.426382,
                    "count": 1,
                    "self": 12.426382
                },
                "TrainerController.advance": {
                    "total": 3406.102421700053,
                    "count": 321184,
                    "self": 6.847364300018853,
                    "children": {
                        "env_step": {
                            "total": 3241.4104733000568,
                            "count": 321184,
                            "self": 2944.6056475000273,
                            "children": {
                                "SubprocessEnvManager._take_step": {
                                    "total": 288.87248879993587,
                                    "count": 321184,
                                    "self": 15.201288499924374,
                                    "children": {
                                        "NNPolicy.evaluate": {
                                            "total": 273.6712003000115,
                                            "count": 321184,
                                            "self": 273.6712003000115
                                        }
                                    }
                                },
                                "workers": {
                                    "total": 7.93233700009352,
                                    "count": 321183,
                                    "self": 0.0,
                                    "children": {
                                        "worker_root": {
                                            "total": 3531.73352809995,
                                            "count": 321183,
                                            "is_parallel": true,
                                            "self": 995.2558318999736,
                                            "children": {
                                                "batched_step_result_from_proto": {
                                                    "total": 0.026596600000001303,
                                                    "count": 1,
                                                    "is_parallel": true,
                                                    "self": 0.0005126000000021946,
                                                    "children": {
                                                        "_process_visual_observation": {
                                                            "total": 0.026083999999999108,
                                                            "count": 1,
                                                            "is_parallel": true,
                                                            "self": 6.819999999940762e-05,
                                                            "children": {
                                                                "observation_to_np_array": {
                                                                    "total": 0.0260157999999997,
                                                                    "count": 1,
                                                                    "is_parallel": true,
                                                                    "self": 9.129999999935023e-05,
                                                                    "children": {
                                                                        "process_pixels": {
                                                                            "total": 0.02592450000000035,
                                                                            "count": 1,
                                                                            "is_parallel": true,
                                                                            "self": 0.001606699999999961,
                                                                            "children": {
                                                                                "image_decompress": {
                                                                                    "total": 0.02431780000000039,
                                                                                    "count": 1,
                                                                                    "is_parallel": true,
                                                                                    "self": 0.02431780000000039
                                                                                }
                                                                            }
                                                                        }
                                                                    }
                                                                }
                                                            }
                                                        }
                                                    }
                                                },
                                                "UnityEnvironment.step": {
                                                    "total": 2536.4510995999763,
                                                    "count": 321183,
                                                    "is_parallel": true,
                                                    "self": 36.54018969988829,