{
    "name": "root",
    "gauges": {
        "Windows_AfterWorkingSet4_IADeplacementWF_2_4.Policy/Entropy.mean": {
            "value": 0.563368558883667,
            "min": 0.4687291085720062,
            "max": 1.386293649673462,
            "count": 45
        },
        "Windows_AfterWorkingSet4_IADeplacementWF_2_4.Policy/Extrinsic Value Estimate.mean": {
            "value": -2.6922956749331206e-05,
            "min": -5.499579906463623,
            "max": 0.03556903824210167,
            "count": 45
        },
        "Windows_AfterWorkingSet4_IADeplacementWF_2_4.Losses/Value Loss.mean": {
            "value": 3.957716998570504e-08,
            "min": 3.957716998570504e-08,
            "max": 10.494645118713379,
            "count": 20
        },
        "Windows_AfterWorkingSet4_IADeplacementWF_2_4.Losses/Policy Loss.mean": {
            "value": 0.01586684212088585,
            "min": 0.010709495283663273,
            "max": 0.08091646432876587,
            "count": 20
        },
        "Windows_AfterWorkingSet4_IADeplacementWF_2_4.Policy/Learning Rate.mean": {
            "value": 0.0009569281828589737,
            "min": 0.0009569281828589737,
            "max": 0.0009978238958865404,
            "count": 20
        },
        "IADeplacementWF_2_4.mean_reward": {
            "value": 0.0,
            "min": -3474.0,
            "max": 0.0,
            "count": 4
        },
        "Windows_AfterWorkingSet4_IADeplacementWF_2_4.Environment/Cumulative Reward.mean": {
            "value": 0.0,
            "min": -3474.0,
            "max": 0.0,
            "count": 4
        },
        "Windows_AfterWorkingSet4_IADeplacementWF_2_4.Environment/Episode Length.mean": {
            "value": 9921.0,
            "min": 9921.0,
            "max": 9921.0,
            "count": 4
        },
        "Windows_AfterWorkingSet4_IADeplacementWF_2_4.Policy/Extrinsic Reward.mean": {
            "value": 0.0,
            "min": -3474.0,
            "max": 0.0,
            "count": 4
        }
    },
    "total": 420.0876113,
    "count": 1,
    "self": 0.12534149999999045,
    "children": {
        "run_training.setup": {
            "total": 1.6720599999999999,
            "count": 1,
            "self": 1.6720599999999999
        },
        "TrainerController.start_learning": {
            "total": 418.2902098,
            "count": 1,
            "self": 19.653428199999155,
            "children": {
                "TrainerController._reset_env": {
                    "total": 1.8834003999999998,
                    "count": 1,
                    "self": 1.8834003999999998
                },
                "TrainerController.advance": {
                    "total": 396.4823801000008,
                    "count": 45201,
                    "self": 0.9614675999995939,
                    "children": {
                        "env_step": {
                            "total": 374.1245764000035,
                            "count": 45201,
                            "self": 332.31962390001416,
                            "children": {
                                "SubprocessEnvManager._take_step": {
                                    "total": 40.66444879999516,
                                    "count": 45201,
                                    "self": 2.1706962999924713,
                                    "children": {
                                        "NNPolicy.evaluate": {
                                            "total": 38.493752500002685,
                                            "count": 45201,
                                            "self": 38.493752500002685
                                        }
                                    }
                                },
                                "workers": {
                                    "total": 1.1405036999941887,
                                    "count": 45200,
                                    "self": 0.0,
                                    "children": {
                                        "worker_root": {
                                            "total": 417.34322249999764,
                                            "count": 45200,
                                            "is_parallel": true,
                                            "self": 145.9757638999963,
                                            "children": {
                                                "batched_step_result_from_proto": {
                                                    "total": 0.010788999999999938,
                                                    "count": 1,
                                                    "is_parallel": true,
                                                    "self": 0.00020639999999971792,
                                                    "children": {
                                                        "_process_visual_observation": {
                                                            "total": 0.01058260000000022,
                                                            "count": 1,
                                                            "is_parallel": true,
                                                            "self": 2.3200000000223042e-05,
                                                            "children": {
                                                                "observation_to_np_array": {
                                                                    "total": 0.010559399999999997,
                                                                    "count": 1,
                                                                    "is_parallel": true,
                                                                    "self": 2.859999999982321e-05,
                                                                    "children": {
                                                                        "process_pixels": {
                                                                            "total": 0.010530800000000173,
                                                                            "count": 1,
                                                                            "is_parallel": true,
                                                                            "self": 0.0002137000000002054,
                                                                            "children": {
                                                                                "image_decompress": {
                                                                                    "total": 0.010317099999999968,
                                                                                    "count": 1,
                                                                                    "is_parallel": true,
                                                                                    "self": 0.010317099999999968
                                                                                }
                                                                            }
                                                                        }
                                                                    }
                                                                }
                                                            }
                                                        }
                                                    }
                                                },
                                                "UnityEnvironment.step": {
                                                    "total": 271.35666960000134,
                                                    "count": 45200,
                                                    "is_parallel": true,
                                                    "self": 5.352775599998154,