{"count":1,"gauges":{"MazeIA.CumulativeReward":{"count":3,"max":0.614329457,"min":-0.50067246,"value":-0.500005841,"weightedAverage":0.126682773}},"self":215.9026688,"total":216.833247,"children":{"AgentSendState":{"count":10819,"self":0.460483,"total":0.630219,"children":{"CollectObservations":{"count":5409,"self":0.098191,"total":0.098191,"children":null},"CollectDiscreteActionMasks":{"count":5409,"self":0.071545,"total":0.071545,"children":null}}},"DecideAction":{"count":10819,"self":0.146175,"total":0.146175,"children":null},"AgentAct":{"count":10819,"self":0.152824,"total":0.152824,"children":null}}}