{"count":1,"gauges":{"MazeIA.CumulativeReward":{"count":2,"max":0.9220002,"min":-0.5053387,"value":-0.5053387,"weightedAverage":0.5651655}},"self":72.2957888,"total":72.4990258,"children":{"AgentSendState":{"count":3614,"self":0.11142049999999999,"total":0.1416932,"children":{"CollectObservations":{"count":1807,"self":0.0192086,"total":0.0192086,"children":null},"CollectDiscreteActionMasks":{"count":1807,"self":0.0110641,"total":0.0110641,"children":null}}},"DecideAction":{"count":3614,"self":0.0268779,"total":0.0268779,"children":null},"AgentAct":{"count":3614,"self":0.0336734,"total":0.0336734,"children":null}}}