{"count":1,"gauges":{"IADeplacementWF_2_4_2.CumulativeReward":{"count":1,"max":3449,"min":3449,"value":3449,"weightedAverage":3449}},"self":26.621977599999997,"total":28.249852599999997,"children":{"AgentSendState":{"count":1387,"self":0.0436453,"total":0.053622199999999995,"children":{"CollectObservations":{"count":693,"self":0.0049115,"total":0.0049115,"children":null},"CollectDiscreteActionMasks":{"count":693,"self":0.0050653999999999994,"total":0.0050653999999999994,"children":null}}},"DecideAction":{"count":1387,"self":0.8340147,"total":1.5308685,"children":{"RenderTextureSensor.Write":{"count":693,"self":0.6968538,"total":0.6968538,"children":null}}},"AgentAct":{"count":1387,"self":0.0423879,"total":0.0423879,"children":null}}}