{"count":1,"gauges":{"AgentTotalState7.CumulativeReward":{"count":1,"max":-34.19999,"min":-34.19999,"value":-34.19999,"weightedAverage":-34.19999}},"self":26.421945599999997,"total":26.554371999999997,"children":{"AgentSendState":{"count":1311,"self":0.05628,"total":0.075665,"children":{"CollectObservations":{"count":655,"self":0.011068,"total":0.011068,"children":null},"CollectDiscreteActionMasks":{"count":655,"self":0.008317,"total":0.008317,"children":null}}},"DecideAction":{"count":1311,"self":0.017603,"total":0.017603,"children":null},"AgentAct":{"count":1311,"self":0.038357999999999996,"total":0.038357999999999996,"children":null}}}