{"cameraMode":{"drawMode":0,"name":"Shaded","section":"Shading Mode"},"sceneLighting":true,"audioPlay":false,"sceneViewState":{"showFog":true,"showMaterialUpdate":false,"showSkybox":true,"showFlares":true,"showImageEffects":true,"showParticleSystems":true},"in2DMode":false,"pivot":{"x":-1.9891343116760255,"y":1.7317039966583253,"z":3.4628701210021974},"rotation":{"x":-0.07960706204175949,"y":0.900679886341095,"z":-0.18662165105342866,"w":-0.38420236110687258},"size":9.20353889465332,"orthographic":false}