{"cameraMode":{"drawMode":0,"name":"Shaded","section":"Shading Mode"},"sceneLighting":true,"audioPlay":false,"sceneViewState":{"showFog":true,"showMaterialUpdate":false,"showSkybox":true,"showFlares":true,"showImageEffects":true,"showParticleSystems":true},"in2DMode":false,"pivot":{"x":-6.044219017028809,"y":5.991522789001465,"z":42.47195816040039},"rotation":{"x":0.28611287474632265,"y":0.32989731431007388,"z":-0.10560900717973709,"w":0.8934653401374817},"size":3.8240091800689699,"orthographic":false}