{"count":1,"gauges":{"IARestitution_2.4_1.CumulativeReward":{"count":3,"max":0,"min":0,"value":0,"weightedAverage":0}},"self":43.4873152,"total":51.955228999999996,"children":{"AgentSendState":{"count":2558,"self":0.0827685,"total":8.3768308,"children":{"CollectObservations":{"count":511,"self":0.0029264,"total":0.0029264,"children":null},"CollectDiscreteActionMasks":{"count":511,"self":0.0078751999999999989,"total":0.0078751999999999989,"children":null},"RenderTextureSensor.GetCompressedObservation":{"count":511,"self":8.283260799999999,"total":8.2832607,"children":null}}},"DecideAction":{"count":2558,"self":0.0267338,"total":0.0267338,"children":null},"AgentAct":{"count":2558,"self":0.028658199999999998,"total":0.028658199999999998,"children":null},"RenderTextureSensor.GetCompressedObservation":{"count":3,"self":0.0327026,"total":0.0327026,"children":null}}}