{
    "name": "root",
    "total": 0.6511380130000362,
    "count": 1,
    "self": 0.06900871800007735,
    "children": {
        "run_training.setup": {
            "total": 0.03577150899991466,
            "count": 1,
            "self": 0.03577150899991466
        },
        "TrainerController.start_learning": {
            "total": 0.5463577860000441,
            "count": 1,
            "self": 0.0005298779997247038,
            "children": {
                "TrainerController._reset_env": {
                    "total": 0.5458279080003194,
                    "count": 1,
                    "self": 0.5458279080003194
                }
            }
        }
    }
}